Name,Price,Image,URL,Description,Specification
SAMSUNG 11KG AI FRONT LOAD WASHING MACHINE: WW11CG604DLB,"KSh109,990.00",https://samsutech.net/wp-content/uploads/2026/02/Stylish-Designs-Accessories-for-Your-Beloved-Dog-1.png,https://samsutech.net/product/samsung-11kg-ai-front-load-washing-machine-ww11cg604dlb/,SAMSUNG 11KG AI FRONT LOAD WASHING MACHINE: WW11CG604DLB,11KG WASHING CAPACITY; AI CONTROL PANEL DISPLAY; SMART WIFI EMBEDDED; SMART THINGS APP SUPPORT; BUBBLE TECHNOLOGY; CHILD LOCK; DIT MOTOR; SWIRL + DRUM TYPE; SPIN SPEED 1400RPM; 15 MINUTE QUICK WASH; CARVED BLACK DOOR + SILVER DECOR; BLACK CAVIAR BODY COLOUR; NET DIMENSION (W X H X D)600 X 850 X 600 MM; BARCODE: 8806095557243
SAMSUNG AI WASHING MACHINE: WW10DG6U94LBN,"KSh99,990.00",https://samsutech.net/wp-content/uploads/2026/02/Stylish-Designs-Accessories-for-Your-Beloved-Dog.png,https://samsutech.net/product/samsung-ai-washing-machine-ww10dg6u94lbn/,SAMSUNG AI WASHING MACHINE: WW10DG6U94LBN,SAMSUNG WASHING MACHINE; 10 KG WASHING CAPACTIY; 1400 RPM SPIN SPEED; AI CONTROL PANEL; DIGITAL INVERTER TECHNOLOGY MOTOR; AI ECO BUBBLE TECHNOLOGY; CHILD LOCK; 2 ND GENERATION DIAMOND DRUM; 15 MINUTE QUICK WASH; WIFI EMBEDDED; SMART THINGS APP SUPPORT; BLACK CARVED DOOR + SILVER DECO; BODY COLOR: BLACK; NETT DIMENSIONS (WXHXD) 600X850X595MM; BARCODE: 8806097356103
SAMSUNG 22KG/11KG WASHER/DRYER: WD90F22BCSNQ,"KSh239,990.00",https://samsutech.net/wp-content/uploads/2025/12/Untitled-design.png,https://samsutech.net/product/samsung-22-kg-washer-dryer-wd90f22bcsnq/,SAMSUNG 22KG/11KG WASHER/DRYER: WD90F22BCSNQ,SAMSUNG WASHER DRYER; • 22 KG WASHING CAPACITY; • 11 KG DRYING CAPACITY; • 1100 RPM SPIN SPEED; • 7” COLOR LCD CONTROL PANEL; • DIRECT DRIVE INVERTER TECHNOLOGY MOTOR; • AI WASH; • AI ECO BUBBLE TECHNOLOGY; • SWIRL PLUS DRUM TYPE; • QUICK WASH; • WIFI EMBEDDED; • SMART THINGS APP SUPPORT; • BLACK DECO DOOR + GLASS; • BODY COLOR: DARK STEEL; • NETT DIMENSIONS (WXHXD); 686X984X796MM; BARCODE: 8806097356035
SAMSUNG 65″ 4K UHD LED TV: UA65U8000FU,"KSh89,990.00",https://samsutech.net/wp-content/uploads/2025/10/Untitled-design.png,https://samsutech.net/product/samsung-65-4k-uhd-led-tv-ua65u8000fu/,SAMSUNG 65″ 4K UHD LED TV: UA65U8000FU,"SAMSUNG 4K UHD LED TV; • 3,840 X 2,160 4K UHD RESOLUTION; • 60Hz MOTION REFRESH RATE; • CRYSTAL 4K PROCESSOR; • HDR 10+ SUPPORT; • 4K AI UPSCALING; • MEGA CONTRAST; • MOTION XCELERATOR TECHNOLOGY; • COLOR BOOSTER; • OBJECT TRACKING SOUND LITE; • BIXBY (VOICE READY) + WEB BROWSER; • APPLE AIR PLAY; • BLUETOOTH; • METAL STREAM DESIGN; • BASIC FEET STAND TYPE; • 3 X HDMI + 1 X USB; • 1 X ETHERNET (LAN); Barcode: 8806097198819"
SAMSUNG 100″ 4K NEO Q LED TV: QA100QN80FU,"KSh649,990.00",https://samsutech.net/wp-content/uploads/2025/09/images.jpg,https://samsutech.net/product/samsung-4k-neo-q-led-tv-qa100qn80fu/,SAMSUNG 100″ 4K NEO Q LED TV: QA100QN80FU,"SAMSUNG 4K NEO Q LED TV; • 3,840 X 2,160 4K RESOLUTION; • 100Hz MOTION REFRESH RATE; • NQ4 AI Gen2 PROCESSOR; • NEO QUANTUM HDR+ SUPPORT; • 4K AI UPSCALING; • QUANTUM MATRIX TECHNOLOGY CORE; CONTRAST; • SUPREME UHD MICRO DIMMING; • MOTION XCELERATOR 144Hz TECHNOLOGY; • COLOR BOOSTER PRO; • OBJECT TRACKING SOUND LITE; • BIXBY (VOICE READY) + WEB BROWSER; • APPLE AIR PLAY; • BLUETOOTH & WIFI; • 4 X HDMI + 2 X USB; • 1 X ETHERNET (LAN); • SIMPLE CHAMFER DESIGN; • METAL LINEAR STAND TYPE; BARCODE: 8806097003212"
SAMSUNG 83″ 4K QUANTUM HDR O LED TV : QA83S85FAE,"KSh549,990.00",https://samsutech.net/wp-content/uploads/2025/07/images.jpg,https://samsutech.net/product/samsung-83%e2%80%b3-4k-quantum-hdr-o-led-tv-qa83s85fae/,SAMSUNG 83″ 4K QUANTUM HDR O LED TV : QA83S85FAE,"SAMSUNG 4K O LED TV; • 3,840 X 2,160 4K RESOLUTION; • 100Hz MOTION REFRESH RATE; • NQ4 AI GEN2 PROCESSOR; • OLED HDR 10+ SUPPORT; • AUTO HDR REMASTERING; • 4K AI UPSCALING; • SELF ILLUMINATING PIXELS; • REAL DEPTH ENHANCER; • MOTION XCELERATOR 120Hz TECHNOLOGY; • COLOR BOOSTER PRO; • OBJECT TRACKING SOUND LITE; • BIXBY (VOICE READY) + WEB BROWSER; • APPLE AIR PLAY; • BLUETOOTH; • CONTOUR DESIGN; • SIMPLE LINEAR STAND TYPE; • 4 X HDMI + 2 X USB; • 1 X ETHERNET (LAN); BARCODE: 8806097007579"
SAMSUNG 85″ 4K NEO Q LED TV SERIES 6 : QA85QN85FAU,"KSh399,990.00",https://samsutech.net/wp-content/uploads/2023/07/in-qled-qn85f-qa55qn85faulxl-545964846.png,https://samsutech.net/product/samsung-85-4k-neo-q-led-tv-series-6-qa85qn85fau/,SAMSUNG 85″ 4K NEO Q LED TV SERIES 6 : QA85QN85FAU,"SAMSUNG 4K NEO Q LED TV; • 3,840 X 2,160 4K RESOLUTION; • 100Hz MOTION REFRESH RATE; • NQ4 AI Gen2 PROCESSOR; • NEO QUANTUM HDR+ SUPPORT; • 4K AI UPSCALING; • QUANTUM MINI LED PRO CONTRAST; • SUPREME UHD MICRO DIMMING; • MOTION XCELERATOR 144Hz TECHNOLOGY; • COLOR BOOSTER PRO; • OBJECT TRACKING SOUND LITE; • BIXBY (VOICE READY) + WEB BROWSER; • APPLE AIR PLAY; • BLUETOOTH & WIFI; • 4 X HDMI + 2 X USB; • 1 X ETHERNET (LAN); • SIMPLE CHAMFER DESIGN; • METAL AERO CENTER STAND TYPE; BARCODE: 8806097001928"
SAMSUNG 26 KG WASHING MACHINE: WF90F26ADSNQ,"KSh189,990.00",https://samsutech.net/wp-content/uploads/2025/09/Untitled-design-3.png,https://samsutech.net/product/samsung-26-kg-washing-machine-wf90f26adsnq/,SAMSUNG 26 KG WASHING MACHINE: WF90F26ADSNQ,SAMSUNG WASHING MACHINE; • 26 KG WASHING CAPACTIY; • 1100 RPM SPIN SPEED; • 7” COLOR LCD CONTROL PANEL; • DIRECT DRIVE INVERTER TECHNOLOGY MOTOR; • AI WASH; • AI ECO BUBBLE TECHNOLOGY; • CHILD LOCK; • SWIRL PLUS DRUM TYPE; • 15 MINUTE QUICK WASH; • WIFI EMBEDDED; • SMART THINGS APP SUPPORT; • BLACK DECO DOOR + GLASS; • BODY COLOR: DARK STEEL; • NETT DIMENSIONS (WXHXD); 686X984X875MM; Barcode: 8806097356004
SAMSUNG 85″ 4K Q LED TV: QA85Q7FAAU,"KSh239,990.00",https://samsutech.net/wp-content/uploads/2023/06/Untitled-design-5.png,https://samsutech.net/product/samsung-85-4k-q-led-tv-qa85q7faau/,SAMSUNG 85″ 4K Q LED TV: QA85Q7FAAU,"SAMSUNG 85” Q LED TV; • 3,840 x 2,160 4K UHD RESOLUTION; • 50Hz MOTION REFRESH RATE; • Q4 AI PROCESSOR; • QUANTUM HDR; • HDR 10+ SUPPORT; • 4K AI UPSCALING; • SUPREME UHD DIMMING; • MOTION XCELERATOR TECHNOLOGY; • OBJECT TRACKING SOUND LITE; • BIXBY (VOICE READY) + WEB BROWSER; • APPLE AIR PLAY + BLUETOOTH; • SLIM LOOK DESIGN; • FLAT FEET NARROW STAND TYPE; • 3 X HDMI + 1 X USB + 1 X ETHERNET (LAN); Barcode: 8806097191902"
SAMSUNG CHEST FREEZER: RI70F37V2GAUT,"KSh79,990.00",https://samsutech.net/wp-content/uploads/2025/09/Untitled-design-2.png,https://samsutech.net/product/samsung-chest-freezer-ri70f37v2gaut/,SAMSUNG CHEST FREEZER: RI70F37V2GAUT,SAMSUNG CHEST FREEZER; • 371 LITRES CAPACITY; • AC COMPRESSOR; • 45dBA NOICE LEVEL; • POWER FREEZER FUNCTION; • EASY FREEZE CONTROL; • INTERIOR LED LIGHTING; • 2 MOVABLE WIRED BASKETS INCLUDED; • KEY LOCK; • BAR HANDLE TYPE; • COLOR: DARK GREY; • NETT DIMENSIONS (WXHXD); 1300X850X700MM; Barcode: 8806097355229
SAMSUNG CHEST FREEZER: RI70F29V2GAUT,"KSh64,990.00",https://samsutech.net/wp-content/uploads/2025/09/Untitled-design-1.png,https://samsutech.net/product/samsung-chest-freezer-ri70f29v2gaut/,SAMSUNG CHEST FREEZER: RI70F29V2GAUT,SAMSUNG CHEST FREEZER; • 287 LITRES CAPACITY; • AC COMPRESSOR; • 45dBA NOICE LEVEL; • POWER FREEZER FUNCTION; • EASY FREEZE CONTROL; • INTERIOR LED LIGHTING; • 2 MOVABLE WIRED BASKETS INCLUDED; • KEY LOCK; • BAR HANDLE TYPE; • COLOR: DARK GREY; • NETT DIMENSIONS (WXHXD); 1090X850X614MM; Barcode: 8806097355199
SAMSUNG CHEST FREEZER: RI70F20V2GAUT,"KSh49,990.00",https://samsutech.net/wp-content/uploads/2025/09/Untitled-design.png,https://samsutech.net/product/samsung-chest-freezer-ri70f20v2gaut/,SAMSUNG CHEST FREEZER: RI70F20V2GAUT,SAMSUNG CHEST FREEZER; • 198 LITRES CAPACITY; • AC COMPRESSOR; • 45dBA NOICE LEVEL; • POWER FREEZER FUNCTION; • EASY FREEZE CONTROL; • INTERIOR LED LIGHTING; • 1 MOVABLE WIRED BASKET INCLUDED; • KEY LOCK; • BAR HANDLE TYPE; • COLOR: DARK GREY; • NETT DIMENSIONS (WXHXD); 910X850X550MM; Barcode: 8806097355168
SAMSUNG 55” Q LED TV: QA55Q7FAAU,"KSh79,990.00",https://samsutech.net/wp-content/uploads/2023/06/Untitled-design-5.png,https://samsutech.net/product/samsung-55-q-led-tv-qa55q7faau/,SAMSUNG 55” Q LED TV: QA55Q7FAAU,"SAMSUNG 55” Q LED TV• 3,840 x 2,160 4K UHD RESOLUTION• 50Hz MOTION REFRESH RATE• Q4 AI PROCESSOR• QUANTUM HDR• HDR 10+ SUPPORT• 4K AI UPSCALING• SUPREME UHD DIMMING• MOTION XCELERATOR TECHNOLOGY• OBJECT TRACKING SOUND LITE• BIXBY (VOICE READY) + WEB BROWSER• APPLE AIR PLAY + BLUETOOTH• SLIM LOOK DESIGN• FLAT FEET NARROW STAND TYPE• 3 X HDMI + 1 X USB + 1 X ETHERNET (LAN); Barcode: 8806097194170"
SAMSUNG 50” 4K UHD LED TV: UA50U8000FU,"KSh57,990.00",https://samsutech.net/wp-content/uploads/2025/06/samsung-ua75u8000fu-169039-v1-original-1.avif,https://samsutech.net/product/samsung-50-4k-uhd-led-tv-ua50u8000fu/,SAMSUNG 50” 4K UHD LED TV: UA50U8000FU,SAMSUNG 50” LED TV• DVB-T2 Digital Tuner Ready• 3840 x 2160 4K Resolution• Crystal Processor 4K• 60Hz Motion Refresh Rate• Motion Xcelerator Technology• Mega Contrast & HDR (High Dynamic range)• 4K Upscaling• UHD Micro Dimming• Object Tracking Sound Lite• TizenTM Smart TV• Bixby (Voice Ready) + Web Browser• WIFI + Bluetooth• Apple Air Play• 3 x HDMI + 1 x USB• 1 x Ethernet (LAN)• Metal Stream Design• Basic Feet Stand type; Barcode: 8806097191988
SAMSUNG 85″ Neo QLED 8K Smart TV: QA85QN900FU,"KSh699,990.00",https://samsutech.net/wp-content/uploads/2023/07/samsung-qa65qn900fu-168977-v1-original-1.avif,https://samsutech.net/product/samsung-85-neo-qled-8k-smart-tv-qa85qn900fu/,SAMSUNG 85″ Neo QLED 8K Smart TV: QA85QN900FU,"85″ 8K Ultra HD Resolution Neo QLED HDR 8K+ powered by Quantum Mini LED; Motion Rate 200 with 4K 144Hz VRR via HDMI 2.1; Smart TV powered by Tizen with built in Bixby and Alexa voice assistant; An incredible Dolby Atmos experience; AI Upscaling designed to upgrade your favourite content; See a great view from virtually wherever you sit with Wide Viewing Angle; Anti-Glare Technology Minimises glare; Adaptive Picture cleverly optimises your picture settings; Neural Quantum Processor 8K; Object Tracking Sound Pro (OTS Pro); Adaptive Sound helps ensure you never miss a word; Ambient Mode + allows you to turn the blank screen into a beautiful display; AMD Freesync Premium Pro; SolarCell One Remote powered by light energy; Works with Google Assistant, Amazon Alexa and Apple AirPlay 2"
SAMSUNG 65″ 4K NEO Q LED TV: QA65QN85FAU,"KSh209,990.00",https://samsutech.net/wp-content/uploads/2023/07/in-qled-qn85f-qa55qn85faulxl-545964846.png,https://samsutech.net/product/samsung-65-4k-neo-q-led-tv-qa65qn85fau/,SAMSUNG 65″ 4K NEO Q LED TV: QA65QN85FAU,"SAMSUNG 4K NEO Q LED TV; • 3,840 X 2,160 4K RESOLUTION; • 100Hz MOTION REFRESH RATE; • NQ4 AI Gen2 PROCESSOR; • NEO QUANTUM HDR+ SUPPORT; • 4K AI UPSCALING; • QUANTUM MINI LED PRO CONTRAST; • SUPREME UHD MICRO DIMMING; • MOTION XCELERATOR 144Hz TECHNOLOGY; • COLOR BOOSTER PRO; • OBJECT TRACKING SOUND LITE; • BIXBY (VOICE READY) + WEB BROWSER; • APPLE AIR PLAY; • BLUETOOTH & WIFI; • 4 X HDMI + 2 X USB; • 1 X ETHERNET (LAN); • SIMPLE CHAMFER DESIGN; • METAL AERO CENTER STAND TYPE; Barcode: 8806097002963"
SAMSUNG 55″ 4K NEO QLED TV: QA55QN85FAU,"KSh169,990.00",https://samsutech.net/wp-content/uploads/2023/07/in-qled-qn85f-qa55qn85faulxl-545964846.png,https://samsutech.net/product/samsung-55-4k-neo-qled-tv-qa55qn85fau/,SAMSUNG 55″ 4K NEO QLED TV: QA55QN85FAU,"SAMSUNG 4K NEO Q LED TV; • 3,840 X 2,160 4K RESOLUTION; • 100Hz MOTION REFRESH RATE; • NQ4 AI Gen2 PROCESSOR; • NEO QUANTUM HDR+ SUPPORT; • 4K AI UPSCALING; • QUANTUM MINI LED PRO CONTRAST; • SUPREME UHD MICRO DIMMING; • MOTION XCELERATOR 144Hz TECHNOLOGY; • COLOR BOOSTER PRO; • OBJECT TRACKING SOUND LITE; • BIXBY (VOICE READY) + WEB BROWSER; • APPLE AIR PLAY; • BLUETOOTH & WIFI; • 4 X HDMI + 2 X USB; • 1 X ETHERNET (LAN); • SIMPLE CHAMFER DESIGN; • METAL AERO CENTER STAND TYPE; Barcode: 8806097003045"
SAMSUNG 43” LED TV: UA43F6000FU,"KSh33,990.00",https://samsutech.net/wp-content/uploads/2025/07/Untitled-design-2.png,https://samsutech.net/product/samsung-43-led-tv-ua43f6000fu/,SAMSUNG 43” LED TV: UA43F6000FU,SAMSUNG 43” LED TV; • DVB-T2 Digital Tuner Ready; • 1920 x 1080 FHD Resolution; • 50Hz Motion Refresh Rate; • Mega Contrast & HDR (High Dynamic range); • HyperReal Picture Engine & Micro Dimming Pro; • TizenTM Smart TV + Samsung Knox Security; • Bixby (Voice Ready) + Web Browser; • WIFI + Bluetooth; • Apple Air Play; • 2 x HDMI + 1 x USB; • 1 x Ethernet (LAN); • Slim Look Design; • Low Feet Stand type; Barcode: 8806097003328
SAMSUNG 32” SMART LED TV: UA32H5000FU,"KSh23,990.00",https://samsutech.net/wp-content/uploads/2025/07/Untitled-design-1-1.png,https://samsutech.net/product/samsung-32-smart-led-tv-ua32h5000fu/,SAMSUNG 32” SMART LED TV: UA32H5000FU,SAMSUNG 32” SMART LED TV; • DVB-T2 Digital Tuner Ready; • 1366 x 768 HD Resolution; • 50Hz Motion Refresh Rate; • Mega Contrast & HDR (High Dynamic range); • HyperReal Picture Engine & Micro Dimming Pro; • TizenTM Smart TV + Samsung Knox Security; • Bixby (Voice Ready) + Web Browser; • Wireless LAN Built-in; • Apple Air Play; • Slim Look Design; • 2 x HDMI; • 1 x USB; • 1 x Ethernet (LAN); Barcode: 8806097016496
SAMSUNG 10KG FRONT LOAD WASHING MACHINE: WW10DG5U34ABNQ,"KSh94,990.00",https://samsutech.net/wp-content/uploads/2025/07/Untitled-design-1.png,https://samsutech.net/product/samsung-front-load-washing-machine-ww10dg5u34abnq/,SAMSUNG 10KG FRONT LOAD WASHING MACHINE: WW10DG5U34ABNQ,SAMSUNG FRONT LOAD WASHING MACHINE; • 10 KG WASHING CAPACTIY; • 1400 RPM SPIN SPEED; • LED CONTROL PANEL; • DIGITAL INVERTER TECHNOLOGY MOTOR; • AI ECO BUBBLE TECHNOLOGY; • CHILD LOCK; • 2-ND GENERATION DIAMOND DRUM; • 15-MINUTE QUICK WASH; • WIFI EMBEDDED; • SMART THINGS APP SUPPORT; • BLACK CARVED DOOR; • BODY COLOR: BLACK; • NETT DIMENSIONS (WXHXD); 600X850X595MM; Barcode: 8806097356011
SAMSUNG 55″ 4K Q LED TV: QA55Q8FAAU,"KSh89,990.00",https://samsutech.net/wp-content/uploads/2025/07/samsung-qa65q8faau-168904-v1-original-1.avif,https://samsutech.net/product/samsung-55-4k-q-led-tv-qa55q8faau/,SAMSUNG 55″ 4K Q LED TV: QA55Q8FAAU,"3,840 X 2,160 4K RESOLUTION; 50Hz MOTION REFRESH RATE; Q4 AI PROCESSOR • QUANTUM HDR10+ SUPPORT; 4K AI UPSCALING • DUAL LED CONTRAST; EYE COMFORT MODE; MOTION XCELERATOR TECHNOLOGY; COLOR BOOSTER PRO; OBJECT TRACKING SOUND LITE; BIXBY (VOICE READY) + WEB BROWSER; APPLE AIR PLAY • BLUETOOTH; AIR SLIM DESIGN; AERO LINEAR STAND TYPE; 3 X HDMI + 2 X USB; 1 X ETHERNET (LAN); Barcode: 8806097198550"
Samsung 65 inch 4K OLED Vision AI TV QA65S85FAE,"KSh249,990.00",https://samsutech.net/wp-content/uploads/2025/07/Untitled-design.png,https://samsutech.net/product/samsung-65-inch-4k-oled-vision-ai-tv-qa65s85fae/,Samsung 65 inch 4K OLED Vision AI TV QA65S85FAE,"65-inch 4k uhd oled display (3,840 x 2,160 resolution); self-illuminating pixels for true blacks and infinite contrast; Quantum HDR OLED+ for dynamic brightness and deep detail; nq4 ai gen2 processor with 4k ai upscaling; Vision AI adjusts the picture based on content and lighting; Dolby Atmos and Object Tracking Sound Lite for 3d audio; adaptive sound and voice amplifier pro for speech clarity; airslim design with ultra-thin bezel and elegant finish; Eye comfort mode for reduced blue light in dark rooms; Tizen Smart Hub with Netflix, YouTube, Showmax & more; built-in bixby, Alexa, and Google Assistant voice control; Apple AirPlay 2 and Samsung SmartThings compatible; Multi-view for watching TV and smartphone side-by-side; 4 x hdmi, 2 x usb, bluetooth, wi-fi & ethernet (lan) ports; aero linear stand and clean cable management system"
SAMSUNG 43″ 4K UHD LED TV: UA43U8000FU,"KSh44,990.00",https://samsutech.net/wp-content/uploads/2025/06/samsung-ua75u8000fu-169039-v1-original-1.avif,https://samsutech.net/product/samsung-4k-uhd-led-tv-ua43u8000fu/,SAMSUNG 43″ 4K UHD LED TV: UA43U8000FU,"SAMSUNG 4K UHD LED TV; 3,840 X 2,160 4K RESOLUTION; 50Hz MOTION REFRESH RATE; CRYSTAL 4K PROCESSOR; HDR10+ SUPPORT; 4K UPSCALING; MEGA CONTRAST; UHD MICRO DIMMING; MOTION XCELERATOR TECHNOLOGY; COLOR BOOSTER PRO; OBJECT TRACKING SOUND LITE; BIXBY (VOICE READY) + WEB BROWSER; APPLE AIR PLAY; BLUETOOTH & WIFI; METAL STREAM DESIGN; BASIC FEET STAND TYPE; 3 X HDMI + 1 X USB; 1 X ETHERNET (LAN); Barcode: 8806097191933"
SAMSUNG 85″ 4K QLED TV: QA85Q8FAAU,"KSh259,990.00",https://samsutech.net/wp-content/uploads/2025/07/samsung-qa65q8faau-168904-v1-original-1.avif,https://samsutech.net/product/samsung-85%e2%80%b3-4k-qled-tv-qa85q8faau/,SAMSUNG 85″ 4K QLED TV: QA85Q8FAAU,"SAMSUNG 4K Q LED TV; • 3,840 X 2,160 4K RESOLUTION; • 50Hz MOTION REFRESH RATE; • Q4 AI PROCESSOR; • QUANTUM HDR 10+ SUPPORT; • 4K AI UPSCALING; • DUAL LED CONTRAST; • EYE COMFORT MODE; • MOTION XCELERATOR TECHNOLOGY; • COLOR BOOSTER PRO; • OBJECT TRACKING SOUND LITE; • BIXBY (VOICE READY) + WEB BROWSER; • APPLE AIR PLAY; • BLUETOOTH; • AIR SLIM DESIGN; • AERO LINEAR STAND TYPE; • 3 X HDMI + 2 X USB; • 1 X ETHERNET (LAN); Barcode: 8806097198314"
SAMSUNG 75″ 4K QLED TV: QA75Q8FAAU,"KSh174,990.00",https://samsutech.net/wp-content/uploads/2025/07/samsung-qa65q8faau-168904-v1-original-1.avif,https://samsutech.net/product/samsung-75%e2%80%b3-4k-qled-tv-qa75q8faau/,SAMSUNG 75″ 4K QLED TV: QA75Q8FAAU,"SAMSUNG 4K Q LED TV; • 3,840 X 2,160 4K RESOLUTION; • 50Hz MOTION REFRESH RATE; • Q4 AI PROCESSOR; • QUANTUM HDR 10+ SUPPORT; • 4K AI UPSCALING; • DUAL LED CONTRAST; • EYE COMFORT MODE; • MOTION XCELERATOR TECHNOLOGY; • COLOR BOOSTER PRO; • OBJECT TRACKING SOUND LITE; • BIXBY (VOICE READY) + WEB BROWSER; • APPLE AIR PLAY; • BLUETOOTH; • AIR SLIM DESIGN; • AERO LINEAR STAND TYPE; • 3 X HDMI + 2 X USB; • 1 X ETHERNET (LAN); Barcode: 8806097198277"
SAMSUNG 65″ 4K QLED TV: QA65Q8FAAU,"KSh119,990.00",https://samsutech.net/wp-content/uploads/2025/07/samsung-qa65q8faau-168904-v1-original-1.avif,https://samsutech.net/product/samsung-4k-qled-tv-qa65q8faau/,SAMSUNG 4K QLED TV: QA65Q8FAAU,"SAMSUNG 4K Q LED TV; • 3,840 X 2,160 4K RESOLUTION; • 50Hz MOTION REFRESH RATE; • Q4 AI PROCESSOR; • QUANTUM HDR 10+ SUPPORT; • 4K AI UPSCALING; • DUAL LED CONTRAST; • EYE COMFORT MODE; • MOTION XCELERATOR TECHNOLOGY; • COLOR BOOSTER PRO; • OBJECT TRACKING SOUND LITE; • BIXBY (VOICE READY) + WEB BROWSER; • APPLE AIR PLAY; • BLUETOOTH; • AIR SLIM DESIGN; • AERO LINEAR STAND TYPE; • 3 X HDMI + 2 X USB; • 1 X ETHERNET (LAN); Barcode: 8806097198239"
SAMSUNG 75″ 8K Q LED TV: QA75QN900FU,"KSh529,990.00",https://samsutech.net/wp-content/uploads/2023/07/samsung-qa65qn900fu-168977-v1-original-1.avif,https://samsutech.net/product/samsung-75-8k-neo-q-led-tv-qa75qn800du/,SAMSUNG 75″ 8K Q LED TV: QA75QN900FU,"SAMSUNG 8K Q LED TV; • 7,680 X 4,320 8K RESOLUTION; • 100Hz MOTION REFRESH RATE; • NQ8 AI GEN2 PROCESSOR; • NEO QUANTUM HDR 8K PRO SUPPORT; • 8K AI UPSCALING; • QUANTUM MATRIX TECHNOLOGY PRO; CONTRAST; • GLARE FREE ANTI REFLECTION; • EYE COMFORT MODE; • 165Hz MOTION XCELERATOR TECHNOLOGY; • COLOR BOOSTER PRO; • OBJECT TRACKING SOUND PLUS; • BIXBY (VOICE READY) + WEB BROWSER; • APPLE AIR PLAY; • BLUETOOTH; • METAL FRAME DESIGN; • ROUND FEET STAND TYPE; • 4 X HDMI + 2 X USB; • 1 X ETHERNET (LAN); Barcode: 8806097030416"
SAMSUNG 65″ 8K Q LED TV: QA65QN900FU,"KSh349,990.00",https://samsutech.net/wp-content/uploads/2023/07/samsung-qa65qn900fu-168977-v1-original-1.avif,https://samsutech.net/product/samsung-65-8k-q-led-tv-qa65qn900fu/,SAMSUNG 65″ 8K Q LED TV: QA65QN900FU,"SAMSUNG 8K Q LED TV; • 7,680 X 4,320 8K RESOLUTION; • 100Hz MOTION REFRESH RATE; • NQ8 AI GEN2 PROCESSOR; • NEO QUANTUM HDR 8K PRO SUPPORT; • 8K AI UPSCALING; • QUANTUM MATRIX TECHNOLOGY PRO; CONTRAST; • GLARE FREE ANTI REFLECTION; • EYE COMFORT MODE; • 165Hz MOTION XCELERATOR TECHNOLOGY; • COLOR BOOSTER PRO; • OBJECT TRACKING SOUND PLUS; • BIXBY (VOICE READY) + WEB BROWSER; • APPLE AIR PLAY; • BLUETOOTH; • METAL FRAME DESIGN; • ROUND FEET STAND TYPE; • 4 X HDMI + 2 X USB; • 1 X ETHERNET (LAN); Barcode: 8806097020196"
SAMSUNG 75” 4K Q LED TV: QA75Q7FAAU,"KSh159,990.00",https://samsutech.net/wp-content/uploads/2025/06/81LOXgmvLeL._AC_SL1500_.jpg,https://samsutech.net/product/samsung-75-4k-q-led-tv-qa75q7faau/,SAMSUNG 75” 4K Q LED TV: QA75Q7FAAU,"SAMSUNG 4K Q LED TV; • 3,840 x 2,160 4K UHD RESOLUTION; • 50Hz MOTION REFRESH RATE; • Q4 AI PROCESSOR; • QUANTUM HDR; • HDR 10+ SUPPORT; • 4K AI UPSCALING; • MEGA CONTRAST; • SUPREME UHD DIMMING; • MOTION XCELERATOR TECHNOLOGY; • COLOR BOOSTER PRO; • OBJECT TRACKING SOUND LITE; • BIXBY (VOICE READY) + WEB BROWSER; • APPLE AIR PLAY; • BLUETOOTH; • SLIM LOOK DESIGN; • FLAT FEET NARROW STAND TYPE; • 3 X HDMI + 1 X USB; • 1 X ETHERNET (LAN); Barcode: 8806097194095"
SAMSUNG 65” 4K Q LED TV: QA65Q7FAAU,"KSh104,990.00",https://samsutech.net/wp-content/uploads/2025/06/81LOXgmvLeL._AC_SL1500_.jpg,https://samsutech.net/product/samsung-65-4k-q-led-tv-qa65q7faau/,SAMSUNG 65” 4K Q LED TV: QA65Q7FAAU,"SAMSUNG 4K Q LED TV; • 3,840 x 2,160 4K UHD RESOLUTION; • 50Hz MOTION REFRESH RATE; • Q4 AI PROCESSOR; • QUANTUM HDR; • HDR 10+ SUPPORT; • 4K AI UPSCALING; • MEGA CONTRAST; • SUPREME UHD DIMMING; • MOTION XCELERATOR TECHNOLOGY; • COLOR BOOSTER PRO; • OBJECT TRACKING SOUND LITE; • BIXBY (VOICE READY) + WEB BROWSER; • APPLE AIR PLAY; • BLUETOOTH; • SLIM LOOK DESIGN; • FLAT FEET NARROW STAND TYPE; • 3 X HDMI + 1 X USB; • 1 X ETHERNET (LAN); Barcode: 8806097194248"
SAMSUNG 75” 4K UHD LED TV: UA75U8000FU,"KSh129,990.00",https://samsutech.net/wp-content/uploads/2025/06/samsung-ua75u8000fu-169039-v1-original-1.avif,https://samsutech.net/product/samsung-4k-uhd-led-tv-ua75u8000fu/,SAMSUNG 75” 4K UHD LED TV: UA75U8000FU,"SAMSUNG 4K UHD LED TV; • 3,840 X 2,160 4K UHD RESOLUTION; • 60Hz MOTION REFRESH RATE; • CRYSTAL 4K PROCESSOR; • HDR 10+ SUPPORT; • 4K AI UPSCALING; • MEGA CONTRAST; • MOTION XCELERATOR TECHNOLOGY; • COLOR BOOSTER; • OBJECT TRACKING SOUND LITE; • BIXBY (VOICE READY) + WEB BROWSER; • APPLE AIR PLAY; • BLUETOOTH; • METAL STREAM DESIGN; • BASIC FEET STAND TYPE; • 3 X HDMI + 1 X USB; • 1 X ETHERNET (LAN); Barcode: 8806097198888"
SAMSUNG 627LITRES SIDE BY SIDE REFRIGERATOR: RS80F65G3FUT,"KSh329,990.00",https://samsutech.net/wp-content/uploads/2025/06/Untitled-design-4.png,https://samsutech.net/product/samsung-side-by-side-refrigerator-rs80f65g3fut/,SAMSUNG SIDE BY SIDE REFRIGERATOR: RS80F65G3FUT,SAMSUNG SIDE BY SIDE REFRIGERATOR; • 627LITRES/23 CUFT NETT CAPACITY; • AI INVERTER COMPRESSOR WITH 20 YEAR WARRANTY; • NON-PLUMBING ICE AND WATER DISPENSER; • FOOD SHOWCASE METAL COOLING DOOR; • MONO COOLING TYPE; • UV DEODORIZER; • TEMPERED GLASS SHELVES; • TOP INTERIOR LED LIGHT; • INTERNAL DISPLAY; • WIFI EMBEDDED; • SMART THINGS APP SUPPORT; • RECESS DOOR HANDLES; • AUTO OPEN-DOOR TYPE; • TWIST ICE MAKER & EGG TRAY; • COLOR: BLACK DOI; • NETT DIMENSIONS (WXHXD); 912X1786X716MM; BARCODE: 8806097166559
SAMSUNG 634LITRES SIDE BY SIDE REFRIGERATOR: RS80F65J3FUT,"KSh289,990.00",https://samsutech.net/wp-content/uploads/2025/06/RS80F65J1FSH_003_R-Perspective_Black-DOI.png,https://samsutech.net/product/samsung-side-by-side-refrigerator-rs80f65j3fut/,SAMSUNG SIDE BY SIDE REFRIGERATOR: RS80F65J3FUT,SAMSUNG SIDE BY SIDE REFRIGERATOR; • 634LITRES/23 CUFT NETT CAPACITY; • AI INVERTER COMPRESSOR WITH 20 YEAR WARRANTY; • NON-PLUMBING ICE AND WATER DISPENSER; • MONO COOLING TYPE; • TEMPERED GLASS SHELVES; • TOP INTERIOR LED LIGHT; • INTERNAL DISPLAY; • UV DEODORIZER; • WIFI EMBEDDED; • SMART THINGS APP SUPPORT; • RECESS DOOR HANDLES; • AUTO OPEN-DOOR TYPE; • TWIST ICE MAKER & EGG TRAY; • COLOR: BLACK DOI; • NETT DIMENSIONS (WXHXD); 912X1786X716MM; BARCODE: 8806097166566
SAMSUNG 635LITRES SIDE BY SIDE REFRIGERATOR: RS70F65K3TUT,"KSh254,990.00",https://samsutech.net/wp-content/uploads/2025/06/Untitled-design-6.png,https://samsutech.net/product/samsung-side-by-side-refrigerator-rs70f65k3tut/,SAMSUNG SIDE BY SIDE REFRIGERATOR: RS70F65K3TUT,SAMSUNG SIDE BY SIDE REFRIGERATOR; • 635LITRES/23 CUFT NETT CAPACITY; • AI INVERTER COMPRESSOR WITH 20 YEAR WARRANTY; • NON-PLUMBING ICE AND WATER DISPENSER; • MONO COOLING TYPE; • TEMPERED GLASS SHELVES; • TOP INTERIOR LED LIGHT; • INTERNAL DISPLAY; • DEODORIZER; • WIFI EMBEDDED; • SMART THINGS APP SUPPORT; • RECESS DOOR HANDLES; • TWIST ICE MAKER & EGG TRAY; • COLOR: MATT DOI METAL; • NETT DIMENSIONS (WXHXD); 912X1786X716MM; BARCODE: 8806097166535
SAMSUNG 655LITRES SIDE BY SIDE REFRIGERATOR: RS70F65Q3TUT,"KSh209,990.00",https://samsutech.net/wp-content/uploads/2025/06/Untitled-design-1-1.png,https://samsutech.net/product/samsung-side-by-side-refrigerator-rs70f65q3tut/,SAMSUNG SIDE BY SIDE REFRIGERATOR: RS70F65Q3TUT,SAMSUNG SIDE BY SIDE REFRIGERATOR; • 655LITRES/24 CUFT NETT CAPACITY; • AI INVERTER COMPRESSOR WITH 20 YEAR WARRANTY; • MONO COOLING TYPE; • TEMPERED GLASS SHELVES; • TOP INTERIOR LED LIGHT; • INTERNAL DISPLAY; • WIFI EMBEDDED; • SMART THINGS APP SUPPORT; • RECESS DOOR HANDLES; • TWIST ICE MAKER & EGG TRAY; • COLOR: MATT DOI METAL; • NETT DIMENSIONS (WXHXD); 912X1786X716MM; BARCODE: 8806097166542
SAMSUNG DOUBLE DOOR REFRIGERATOR: RT53DG7B60SL,"KSh154,990.00",https://samsutech.net/wp-content/uploads/2023/06/Untitled-design-10.png,https://samsutech.net/product/samsung-double-door-refrigerator-rt53dg7b60sl/,SAMSUNG DOUBLE DOOR REFRIGERATOR: RT53DG7B60SL,SAMSUNG DOUBLE DOOR REFRIGERATOR• 528LITRES/19.0CUFT NETT CAPACITY• DIGITAL INVERTER COMPRESSOR WITH 20 YEARWARRANTY• NO FROST TWIN COOLING• NON-PLUMBING WATER DISPENSER• WIFI EMBEDDED• SMART THINGS APP SUPPORT• RECESS DOOR HANDLES• TEMPERED GLASS SHELVES• EASY SLIDE SHELF• TWIST ICE MAKER & EGG TRAY• EZ CLEAN STEEL COLOR• NETT DIMENSIONS (WXHXD)790X1855X725MM
SAMSUNG DOUBLE DOOR REFRIGERATOR: RT53DG7B60B1,"KSh159,990.00",https://samsutech.net/wp-content/uploads/2023/09/africa-en-rt6000k-top-freezer-with-twin-cooling-plus™-526l-393754-rt53k6541bs-ut-463415642.avif,https://samsutech.net/product/samsung-double-door-refrigerator-rt53dg7b60b1/,SAMSUNG DOUBLE DOOR REFRIGERATOR: RT53DG7B60B1,SAMSUNG DOUBLE DOOR REFRIGERATOR• 528LITRES/19.0CUFT NETT CAPACITY• DIGITAL INVERTER COMPRESSOR WITH 20 YEARWARRANTY• NO FROST TWIN COOLING• NON-PLUMBING WATER DISPENSER• WIFI EMBEDDED• SMART THINGS APP SUPPORT• RECESS DOOR HANDLES• TEMPERED GLASS SHELVES• EASY SLIDE SHELF• TWIST ICE MAKER & EGG TRAY• BLACK DOI COLOR• NETT DIMENSIONS (WXHXD)790X1855X725MM
"SAMSUNG 75″ 4K NEO Q LED, DBU SERIES 8, NQ4 AI GEN2 SMART DIGITAL: QA75QN85DBU","KSh269,990.00",https://samsutech.net/wp-content/uploads/2025/02/au-qled-qn85d-qa75qn85dbwxxy-540641764.avif,https://samsutech.net/product/samsung-75-4k-neo-q-led-dbu-series-8-nq4-ai-gen2-smart-digital-qa75qn85dbu/,"SAMSUNG 75″ 4K NEO Q LED, DBU SERIES 8, NQ4 AI GEN2 SMART DIGITAL: QA75QN85DBU","UHD 4K 3840 x 2160 Mini-LED Panel; Neo Quantum HDR, HDR10+ & HLG; Smart TV Powered by Tizen; 60 Hz Native Refresh Rate; Motion Xcelerator 120 Hz; ALLM & VRR Support; 4 x HDMI 2.1 & 2 x USB-A; Wi-Fi, Bluetooth & LAN Connectivity; Alexa & SmartThings Compatible; Built-In 40-Watt 2.2-Channel Speakers; Barcode: 8806095510590"
SAMSUNG 85″ LED TV: UA85U8000FU,"KSh199,990.00",https://samsutech.net/wp-content/uploads/2025/10/Untitled-design.png,https://samsutech.net/product/samsung-85-led-tv-ua85u8000fu/,SAMSUNG 85″ LED TV: UA85U8000FU,"SAMSUNG 85” LED TV; • 3,840 X 2,160 4K UHD RESOLUTION; • 60Hz MOTION REFRESH RATE; • CRYSTAL 4K PROCESSOR; • HDR 10+ SUPPORT; • 4K AI UPSCALING; • MEGA CONTRAST; • MOTION XCELERATOR TECHNOLOGY; • COLOR BOOSTER; • OBJECT TRACKING SOUND LITE; • BIXBY (VOICE READY) + WEB BROWSER; • APPLE AIR PLAY; • BLUETOOTH; • METAL STREAM DESIGN; • BASIC FEET STAND TYPE; • 3 X HDMI + 1 X USB; • 1 X ETHERNET (LAN)+ 1 X USB + 1 X ETHERNET (LAN); Barcode: 8806097198932"
SAMSUNG 583LTR SIDE BY SIDE REFRIGERATOR: RS57DG4000M9,"KSh149,990.00",https://samsutech.net/wp-content/uploads/2024/12/sa-en-rs4000dc-side-by-side-with-large-capacity-rs57dg4000m9za-543450046.avif,https://samsutech.net/product/samsung-583ltr-side-by-side-refrigerator-rs57dg4000m9/,SAMSUNG 583LTR SIDE BY SIDE REFRIGERATOR: RS57DG4000M9,SAMSUNG SIDE BY SIDE REFRIGERATOR; • 583LITRES/22.4CUFT; • DIGITAL INVERTER COMPRESSOR WITH 20 YEAR; WARRANTY; • RECESS DOOR HANDLE; • NO FROST; • POWER COOL & POWER FREEZE FUNCTIONS; • TEMPERED GLASS SHELVES; • LED DISPLAY; • DOOR ALARM; • WIFI EMBEDDED; • SMART THINGS APP SUPOORT; • GENTLE SILVER MATT COLOR; • NETT DIMENSIONS (WXHXD); 912 X 1780 X 654MM; BARCODE: 8806095746692
SAMSUNG 430W 3.1 CH SOUND BAR : HW-B650D/KE,"KSh49,990.00",https://samsutech.net/wp-content/uploads/2023/06/africa-en-b-series-soundbar-hw-b650d-hw-b650d-ke-542704116.avif,https://samsutech.net/product/samsung-430w-3-1-ch-sound-bar-hw-b650d-ke/,Sound Quality that’s Smart: Experience crystal clear dialogue that provides balanced sound and beautifully completes your home entertainment experience.,SAMSUNG SOUND BAR; • 3.1 CHANNEL; • 370W POWER OUTPUT; • 4 SPEAKERS; • WIRELESS SUBWOOFER; • DOLBY 5.1CH; • BLUETOOTH; • USB; • WALL MOUNT INCLUDED; • ONE REMOTE CONTROL; Barcode: 8806095486147
SAMSUNG SOLO MICROWAVE: MS23DG4504AT,"KSh18,990.00",https://samsutech.net/wp-content/uploads/2024/11/Untitled-design-5-1.png,https://samsutech.net/product/samsung-solo-microwave-ms23dg4504at/,SAMSUNG SOLO MICROWAVE: MS23DG4504AT,SAMSUNG SOLO MICROWAVE; •23 LITRES CAPACITY; •6 POWEL LEVELS; •800 WATTS OUTPUT; •CERAMIC ENAMEL CAVITY; •DOOR TYPE RECESSED HANDLE; •TACT & DIAL CONTROL METHOD; •WHITE LED DISPLAY; •STAINLESS STEEL COLOR; •NETT DIMENSIONS (WXHXD); 489 X 275 X 377 MM; BARCODE: 8806095506999
SAMSUNG SOLO MICROWAVE: MS23K3515AS,"KSh16,990.00",https://samsutech.net/wp-content/uploads/2024/11/Untitled-design-8.png,https://samsutech.net/product/samsung-solo-microwave-ms23k3513as/,SAMSUNG SOLO MICROWAVE: MS23K3515AS,SAMSUNG SOLO MICROWAVE; •23 LITRES CAPACITY; •6 POWEL LEVELS; •800 WATTS OUTPUT; •CERAMIC ENAMEL CAVITY; •DOOR TYPE HANDLE; •TACT & DIAL CONTROL METHOD; •LED DISPLAY; •SILVER COLOR; •NETT DIMENSIONS (WXHXD); 489 X 275 X 374 MM; BARCODE: 8801643398026
SAMSUNG 11KG/6KG FRONT LOAD WASHER/DRYER: WD11DG5B15BB,"KSh124,990.00",https://samsutech.net/wp-content/uploads/2024/10/uk-wd5000d-515792-wd11dg5b15bbeu-542584014.webp,https://samsutech.net/product/samsung-11kg-front-load-washer-6kg-dryer-wd11dg5b15bb/,SAMSUNG 11KG/6KG FRONT LOAD WASHER/DRYER: WD11DG5B15BB,SAMSUNG FRONT LOAD WASHER DRYER; • 11KG WASHING CAPACITY; • 6KG DRYING CAPACITY; • LED PANEL DISPLAY; • SMART WIFI EMBEDDED; • SMART THINGS APP SUPPORT; • BUBBLE TECHNOLOGY; • SWIRL DRUM TYPE; • SPIN SPEED 1400RPM; • BLACK TINT DOOR; • BLACK BODY COLOUR; • NET DIMENSION (W X H X D); 600 X 850 X 600 MM; BARCODE: 8806095589022
SAMSUNG 9.2L FREESTANDING DISHWASHER WITH 14 PLACE SETTING: DW60BG750FSL,"KSh139,990.00",https://samsutech.net/wp-content/uploads/2024/09/uk-60cm-built-in-dishwasher-dw60bg750uslet-dw60bg750fsleu-536849002.avif,https://samsutech.net/product/samsung-9-2l-freestanding-dishwasher-dw60bg750fsl/,SAMSUNG 9.2L FREESTANDING DISHWASHER WITH 14 PLACE SETTING: DW60BG750FSL,SAMSUNG FREESTANDING DISHWASHER; • 14 PLACE SETTING; • HIDDEN TOUCH CONTROL; • SMART WIFI EMBEDDED; • SMART THINGS APP SUPPORT; • AUTO DOOR OPEN DRYING SYSTEM; • 9.2L WATER CONSUMPTION PER CYCLE; • 42 Dba NOISE LEVEL; • 9 WASH PROGRAMS; • SMART CONTROL; • WATER JET CLEANING; • 2 FLEXIBLE RACKS + CUTLERY TRAY; • SILVER BODY COLOUR; • NET DIMENSION (W X H X D); 598 X 845 X 600 MM; BARCODE: 8806094616729
SAMSUNG 9.2L FREESTANDING DISHWASHER WITH 13 PLACE SETTING: DW60BG730FSL,"KSh124,990.00",https://samsutech.net/wp-content/uploads/2024/09/uk-60cm-fully-built-in-dishwasher-dw60bg730fsleu-536847416-1.avif,https://samsutech.net/product/samsung-9-2l-freestanding-dishwasher-dw60bg730fsl/,SAMSUNG 9.2L FREESTANDING DISHWASHER WITH 13 PLACE SETTING: DW60BG730FSL,SAMSUNG FREESTANDING DISHWASHER; • 13 PLACE SETTING; • HIDDEN TOUCH CONTROL; • AUTO DOOR OPEN DRYING SYSTEM; • 9.2L WATER CONSUMPTION PER CYCLE; • 42 Dba NOISE LEVEL; • 9 WASH PROGRAMS; • SMART CONTROL; • WATER JET CLEANING; • 2 FLEXIBLE RACKS + CUTLERY BASKET; • SILVER BODY COLOUR; • NET DIMENSION (W X H X D); 598 X 845 X 600 MM; BARCODE: 8806094616705
SAMSUNG 11KG/6KG FRONT LOAD WASHER/DRYER: WD11DB7B85GB,"KSh129,990.00",https://samsutech.net/wp-content/uploads/2024/08/uk-wd7400d-wd11db7b85gbu1-542320588-1.avif,https://samsutech.net/product/samsung-11kg-front-load-washer-dryer-wd11db7b85gb/,SAMSUNG 11KG/6KG FRONT LOAD WASHER/DRYER: WD11DB7B85GB,SAMSUNG FRONT LOAD WASHER DRYER; • 11KG WASHING CAPACITY; • 6KG DRYING CAPACITY; • AI CONTROL PANEL DISPLAY; • SMART WIFI EMBEDDED; • SMART THINGS APP SUPPORT; • BUBBLE TECHNOLOGY; • SWIRL DRUM TYPE; • SPIN SPEED 1400RPM; • TEMPERED GLASS DOOR; • BLACK CAVIAR BODY COLOUR; • NET DIMENSION (W X H X D); 600 X 850 X 600 MM; BARCODE: 8806095777979
SAMSUNG 98″ 4K UHD LED TV: UA98DU9000,"KSh399,990.00",https://samsutech.net/wp-content/uploads/2024/08/DU8000-Image.png,https://samsutech.net/product/samsung-98-4k-uhd-led-tv-ua98du9000/,SAMSUNG 98″ 4K UHD LED TV: UA98DU9000,SAMSUNG 4K UHD LED TV; • CRYSTAL PROCESSOR 4K; • MOTION XCELERATOR 120Hz; • HDR 10+; • OTS LITE; • UHD DIMMING; • 2CH SPEAKER; • SLIM LOOK DESIGN; • 3 BEZEL-LESS DESIGN; • FLAT FEET STAND; BARCODE: 8806095597669
SAMSUNG 208LTR DOUBLE DOOR REFRIGERATOR : RT26HAR2DSA,"KSh62,990.00",https://samsutech.net/wp-content/uploads/2023/06/africa_en-top-mount-freezer-rt28k3082s8-rt22k3082s8-ut-001-front-silver.webp,https://samsutech.net/product/top-mount-freezer-refrigerator-rt-26har2dsa/,Refresh your world with natural goodness: Increases cooling efficiency for longer freshness.,208 Litres Capacity; Digital Inverter Compressor with a 20 Year Warranty; Multi flow Air System; Cool Pack – upto 8 hours; In-built Power Stabilizer; No Frost Technology; Silver Technology Deodorizer; 5 Star Energy Rating; Colour: Silver; Barcode: 8806086033350
SAMSUNG 233LTR DOUBLE DOOR REFRIGERATOR : RT28K3032S8,"KSh67,990.00",https://samsutech.net/wp-content/uploads/2023/06/africa_en-top-mount-freezer-rt28k3082s8-rt22k3082s8-ut-001-front-silver.webp,https://samsutech.net/product/top-mount-freezer-refrigerator-rt-28k3032s8/,"Unparalleled Performance: Greater flexibility, superior organization and more convenient.",233 Litres Capacity; Digital Inverter Compressor with a 20 Year Warranty; Multi flow Air System; In-built Power Stabilizer; No Frost Technology; Cool Pack – upto 8 hours; Silver Technology Deodorizer; A+ Energy Efficiency Class; Colour: Silver; Barcode: 8806088443607
SAMSUNG 98″ 4K Q LED TV SERIES 8 : QA98Q80CAU,"KSh499,990.00",https://samsutech.net/wp-content/uploads/2023/09/Q60D-Image.png,https://samsutech.net/product/samsung-4k-qled-tv-qa98q80cau/,"Unleash a world of unseen wonder: Quantum Dot technology illuminates the SAMSUNG 98″ 4K Q LED, revealing details your eyes craved but never knew existed.",NEURAL QUANTUM PROCESSOR 4K; • ONE BILLION COLOURS; • QUANTUM HDR+; • DIRECT FULL ARRAY CONTRAST; • SUPREME UHD DIMMING; • MOTION XCELERATOR TURBO+; • OBJECT TRACKING SOUND LITE (OTS LITE); • 2.2CH SPEAKER TYPE; • ADAPTIVE SOUND PLUS; • SIMPLE CHAMFER DESIGN; • 3 BEZEL LESS DESIGN; • NEW HEXAGON PLATE STAND; BARCODE: 8806095052144
SAMSUNG 77″ 4K QUANTUM HDR O LED TV : QA77S90DAE,"KSh479,990.00",https://samsutech.net/wp-content/uploads/2023/09/S90D-Image.png,https://samsutech.net/product/samsung-77-4k-quantum-hdr-o-led-tv-qa77s90dae/,SAMSUNG 77″ 4K QUANTUM HDR O LED TV : QA77S90DAE,• NEURAL QUANTUM PROCESSOR 4K; • ONE BILLION COLOURS; • QUANTUM HDR OLED PLUS; • SELF-ILLUMINATING PIXEL CONTRAST; • MOTION XCELERATOR TURBO+; • OBJECT TRACKING SOUND PLUS (OTS PLUS); • 4.2.2CH SPEAKER TYPE; • INFINITY ONE DESIGN; • 4 BEZEL LESS DESIGN; • SLIM OC STAND; BARCODE: 8806095571393
SAMSUNG 18.5KG/9.5KG BESPOKE FRONT LOAD WASHER/DRYER: WD18B6400KV,"KSh234,990.00",https://samsutech.net/wp-content/uploads/2023/09/ae-washers-and-dryerswasher-dryer-combowd6000bk-21kg-black-wd21b6400kv-sp-wd18b6400kv-gu-536455123.png,https://samsutech.net/product/samsung-bespoke-front-load-washer-dryer-wd18b6400kv/,SAMSUNG 18.5KG/9.5KG BESPOKE FRONT LOAD WASHER/DRYER: WD18B6400KV,18.5 KG WASHING CAPACITY• 9.5 KG DRYING CAPACITY• AI CONTROL• SMART WIFI EMBEDDED• SMART THINGS APP SUPPORT• ECO BUBBLE TECHNOLOGY• CHILD LOCK• SWIRL PLUS DRUM• SPIN SPEED 1100RPM• HOT AND COLD WATER INLET• TEMPERED GLASS DOOR• BLACK BODY COLOUR
SAMSUNG 17KG/10KG FRONT LOAD WASHER/DRYER: WD17T6300GP,"KSh214,990.00",https://samsutech.net/wp-content/uploads/2023/09/my-wd6000t-wd22t6500gvco-431584-wd17t6300gp-sp-533231100.webp,https://samsutech.net/product/samsung-front-load-washer-dryer-wd17t6300gp/,SAMSUNG 17KG/10KG FRONT LOAD WASHER/DRYER: WD17T6300GP,17KG WASHING CAPACITY; • 10KG DRYING CAPACITY; • AI CONTROL; • SMART WIFI EMBEDDED; • SMART THINGS APP SUPPORT; • ECO BUBBLE TECHNOLOGY; • CHILD LOCK; • SWIRL PLUS DRUM; • SPIN SPEED 1100RPM; • HOT AND COLD WATER INLET; • TINT DOOR; • INOX BODY COLOUR; BARCODE: 8806094497601
SAMSUNG 12KG/8KG BESPOKE FRONT LOAD WASHER/DRYER: WD12BB944DGB,"KSh176,990.00",https://samsutech.net/wp-content/uploads/2023/09/sg-wd9400b-wd12bb944dgbsp-536404995.avif,https://samsutech.net/product/bespoke-washer-dryer-combo-with-auto-dispense-black-wd12bb944dgb/,SAMSUNG 12KG/8KG BESPOKE FRONT LOAD WASHER/DRYER: WD12BB944DGB,12KG WASHING CAPACITY; • 8KG DRYING CAPACITY; • AI CONTROL; • SMART WIFI EMBEDDED; • SMART THINGS APP SUPPORT; • ECO BUBBLE TECHNOLOGY; • RINSE AND SPIN; • AUTO DISPENSE; • CHILD LOCK; • SWIRL DRUM; • SPIN SPEED 1400RPM; • 15 MINUTE QUICK WASH; • TEMPERED GLASS DOOR; • BLACK BODY COLOUR; Barcode: 8806094935813
SAMSUNG 12KG BESPOKE FRONT LOAD WASHING MACHINE : WW12BB944DGM,"KSh152,990.00",https://samsutech.net/wp-content/uploads/2023/09/Stylish-Designs-Accessories-for-Your-Beloved-Dog-2.png,https://samsutech.net/product/samsung-12kg-bespoke-front-load-washer-white-ww12bb944dgmnq/,SAMSUNG 12KG BESPOKE FRONT LOAD WASHING MACHINE : WW12BB944DGM,• 12KG WASHING CAPACITY; • AI CONTROL; • SMART WIFI EMBEDDED; • SMART THINGS APP SUPPORT; • ECO BUBBLE TECHNOLOGY; • CHILD LOCK; • SWIRL DRUM; • SPIN SPEED 1400RPM; • 15 MINUTE QUICK WASH; • TEMPERED GLASS DOOR; • WHITE BODY COLOUR; Barcode: 8806094935844
SAMSUNG 3.1.2 CHANNEL SOUND BAR: HW-Q600C/ZN,"KSh64,990.00",https://samsutech.net/wp-content/uploads/2024/06/61uP6zSZ4VL._AC_SL1500_.jpg,https://samsutech.net/product/samsung-3-1-2-channel-sound-bar-hw-q600c-zn/,SAMSUNG 3.1.2 CHANNEL SOUND BAR: HW-Q600C/ZN,SAMSUNG SOUND BAR; • 3.1.2 CHANNEL; • WIRELESS SUBWOOFER; • DTS VIRTUAL: X SUPPORT; • DOLBY ATMOS SUPPORT; • Q-SYMPHONY COMPABILITY; • HDR10 + COMPABILITY; • BLUETOOTH; • USB; • WALL MOUNT INCLUDED; • ONE REMOTE CONTROL; BARCODE: 8806094901887
SAMSUNG 9KG/6KG FRONT LOAD WASHER/DRYER: WD90T554DBN,"KSh114,990.00",https://samsutech.net/wp-content/uploads/2023/06/africa-en-combo-wd80t554dbws3-wd90t554dbn-nq-422962436.webp,https://samsutech.net/product/front-load-washing-machine-dryer-wd90t554dbn/,SAMSUNG 9KG/6KG FRONT LOAD WASHER/DRYER: WD90T554DBN,"9.0kg Washing / 6kg Drying Capacity; 24 Months Warranty; Digital Inverter Motor with a 20 Year Warranty; Add Wash during Cycle; AI Control; 1,400rpm Spin Speed; Smart WiFi Embedded; Smart Things App Support; Eco Bubble Technology; Bubble Soak; Diamond Drum; 15 Minute Quick Wash; Air Wash; Hygiene Steam; Stay Clean Drawer; 22 Cycle Options; Delay End; Child Lock; Door: Tint Door + Black Deco; Body Colour: Inox; Barcode: 8806092233584"
SAMSUNG 32LTR CONVECTION MICROWAVE OVEN: MC32DG7646CK,"KSh39,990.00",https://samsutech.net/wp-content/uploads/2023/06/Untitled-design-1-3.png,https://samsutech.net/product/samsung-32ltr-convection-microwave-oven-mc32dg7646ck/,SAMSUNG 32LTR CONVECTION MICROWAVE OVEN: MC32DG7646CK,SAMSUNG CONVECTION MICROWAVE; OVEN; • 32 LITRES CAPACITY; • 7 POWEL LEVELS; • 900 WATTS OUTPUT; • CERAMIC ENAMEL CAVITY; • DROP DOWN DOOR; • TOUCH & DIALCONTROL METHOD; • LED DISPLAY; • SHEATH HEATER GRILL; • QUARTZ CONVECTION HEATER; • 40˚C TO 200˚C CONVECTION; TEMPERATURE; • WIFI EMBEDDED; • SMART THINGS APP SUPPORT; • AUTO COOK; • AIR FRY; • CRUSTY PLATE; • BLACK COLOR; • NETT DIMENSIONS (WXHXD); 523 X 330 X 515 MM; BARCODE: 8806095506692
SAMSUNG 40LTR GRILL MICROWAVE OVEN: MG40DG5525AG,"KSh30,990.00",https://samsutech.net/wp-content/uploads/2023/06/Untitled-design-8-1.png,https://samsutech.net/product/samsung-40ltr-grill-microwave-oven-mg40dg5525ag/,SAMSUNG 40LTR GRILL MICROWAVE OVEN: MG40DG5525AG,SAMSUNG GRILL MICROWAVE OVEN; • 40 LITRES CAPACITY; • 6 POWEL LEVELS; • 900 WATTS OUTPUT; • CERAMIC ENAMEL CAVITY; • RECESSED HANDLE; • TOUCH CONTROL METHOD; • LED DISPLAY; • SHEATH HEATER GRILL; • ECO MODE; • AUTO COOK; • HOME DESSERT; • POWER DEFROST; • CHILD LOCK; • BLACK STAINLESS STEEL; • NETT DIMENSIONS (WXHXD); 555 X313 X 469 MM; BARCODE: 8806095506937
SAMSUNG 23L GRILL MICROWAVE: MG23K3575AK,"KSh21,990.00",https://samsutech.net/wp-content/uploads/2023/06/Untitled-design-4-1.png,https://samsutech.net/product/samsung-23l-grill-microwave-mg23k3575ak/,SAMSUNG 23L GRILL MICROWAVE: MG23K3575AK,SAMSUNG GRILL MICROWAVE; •23 LITRES CAPACITY; •6 POWEL LEVELS; •800 WATTS OUTPUT; •CERAMIC ENAMEL CAVITY; •DOOR TYPE HANDLE; •TACT & DIAL CONTROL METHOD; •LED DISPLAY; •ECO MODE; •SHEATH GRILL HEATER; •CHILD LOCK; •BLACK COLOR; •NETT DIMENSIONS (WXHXD); 489 X 275 X 392 MM; BARCODE: 8806088219325
SAMSUNG 30LTR BESPOKE GRILL MICROWAVE OVEN : MG30T5018AK,"KSh27,990.00",https://samsutech.net/wp-content/uploads/2023/06/Untitled-design-7-1.png,https://samsutech.net/product/bespoke-grill-microwave-oven-mg-30t5018ak/,Cook Even Better: The Triple Distribution System makes sure that everything you cook is perfectly prepared and delicious by ensuring food is cooked much more thoroughly and evenly.,30 Litres Capacity; 6 Power Levels; 900 Watts Output; Ceramic Enamel Cavity; Touch Control; Side Swing with Handle Door Type; ECO Mode; Sheath Grill Heater; Auto Cook; Home Dessert; Power Defrost; LED (White) Display; Child Safety Lock; Glass Touch; Colour: Pure Black; Barcode: 8806094788662
SAMSUNG 90*60CM 5 GAS (1 WOK) FREE STANDING COOKER : NY90T5010SS,"KSh119,990.00",https://samsutech.net/wp-content/uploads/2023/06/Untitled-design-7.png,https://samsutech.net/product/free-standing-cooker-ny90t5010ss/,Easy Convenient Cooking: Cook food evenly and in a flash with a powerful Triple Power Burner. You can cook a wide variety of dishes using the optimal heat.,"95 Litres Wide Electric Oven; 5 Gas Burners with Triple Power Wok Burner; Stylish Mirror Door; 3 Touch Digital Control Panel; Dual Fan Oven; Flexible 2 Step Electric Power Grill; Integrated Ignition; Cast Iron Grids; Clock, Cook & End Timer; Storage Compartment; Accessories: Deep Tray, Splash Back, Wok Support; Colour: Fully Stainless Steel; Barcode: 8806090802935"
SAMSUNG 40LTR GRILL MICROWAVE OVEN: MG40DG5524AT,"KSh29,990.00",https://samsutech.net/wp-content/uploads/2023/06/Untitled-design-2-3.png,https://samsutech.net/product/samsung-40ltr-grill-microwave-oven-mg40dg5524at/,SAMSUNG 40LTR GRILL MICROWAVE OVEN: MG40DG5524AT,SAMSUNG GRILL MICROWAVE OVEN; • 40 LITRES CAPACITY; • 6 POWEL LEVELS; • 900 WATTS OUTPUT; • CERAMIC ENAMEL CAVITY; • RECESSED HANDLE; • TACT & DIAL CONTROL METHOD; • LED DISPLAY; • SHEATH HEATER GRILL; • ECO MODE; • AUTO COOK; • HOME DESSERT; • DEODORIZATION; • POWER DEFROST; • CHILD LOCK; • STAINLESS STEEL; • NETT DIMENSIONS (WXHXD); 555 X 313 X 488 MM; BARCODE: 8806095506920
SAMSUNG 320LTR DOUBLE DOOR REFRIGERATOR WITH DISPENSER : RB30J3611SA,"KSh99,990.00",https://samsutech.net/wp-content/uploads/2023/06/za-bottom-freezer-303l-rb30j3611sa-fa-536308508.avif,https://samsutech.net/product/bottom-mount-freezer-refrigerator-rb-30j3611sa/,Organize it Better.Enjoy it More: Experience a whole new level of organization and convenience with the refrigerator that maximizes space efficiency.,320Litres Nett Capacity; Digital Inverter Compressor with a 20 Year Warranty; All Round Cooling; Multi Flow; Dairy Compartment; Wine Rack; Power Freeze; Water Dispenser; Colour: Metal Graphite; Barcode: 8806092929777
SAMSUNG 338LTR DOUBLE DOOR REFRIGERATOR WITH DISPENSER : RB33J3611S9,"KSh104,990.00",https://samsutech.net/wp-content/uploads/2023/06/za-bottom-freezer__rbf310g-3050-rb33j3611s9-fa-536308960.avif,https://samsutech.net/product/bottom-mount-freezer-refrigerator-rb-33j3611s9/,Organize it Better.Enjoy it More: Experience a whole new level of organization and convenience with the refrigerator that maximizes space efficiency.,338Litres Nett Capacity; Digital Inverter Compressor with a 20 Year Warranty; All Round Cooling; Multi Flow; Dairy Compartment; Wine Rack; Power Freeze; Water Dispenser; Colour: Refined Inox; Barcode: 8806092926332
SAMSUNG 348LTR BESPOKE TOP MOUNT REFRIGERATOR : RT35CB56218A,"KSh97,990.00",https://samsutech.net/wp-content/uploads/2023/06/africa-en-top-mount-freezer-bespoke-rt35cb56218aut-537747407.avif,https://samsutech.net/product/bespoke-top-mount-freezer-refrigerator-rt-35cb56218a/,More Space Inside: Store more food in a spacious interior without increasing the external dimensions or compromising energy efficiency.,348 Litres Capacity; Digital Inverter Compressor with a 20 Year Warranty; Wi-Fi Embedded; Multi Flow Cooling; Optimal Fresh Zone; Deodorizer; Twist Ice Maker; Coolpack; Colour: Bespoke Clean White + Clean Navy; Barcode: 8806094921533
SAMSUNG 32LTR GRILL MICROWAVE OVEN: MG32DG4524AG,"KSh26,990.00",https://samsutech.net/wp-content/uploads/2023/06/Untitled-design-6-1.png,https://samsutech.net/product/samsung-32ltr-grill-microwave-oven-mg32dg4524ag/,SAMSUNG 32LTR GRILL MICROWAVE OVEN: MG32DG4524AG,SAMSUNG GRILL MICROWAVE OVEN; • 32 LITRES CAPACITY; • 6 POWEL LEVELS; • 900 WATTS OUTPUT; • CERAMIC ENAMEL CAVITY; • RECESSED HANDLE; • TACT & DIAL CONTROL METHOD; • LED DISPLAY; • SHEATH HEATER GRILL; • ECO MODE; • AUTO COOK; • HOME DESSERT; • DEODORIZATION; • POWER DEFROST; • CHILD LOCK; • BLACK STAINLESS STEEL; • NETT DIMENSIONS (WXHXD); 520 X 300 X 420 MM; BARCODE: 8806095506876
SAMSUNG 393LTR BESPOKE TOP MOUNT REFRIGERATOR : RT38CB66218C,"KSh107,990.00",https://samsutech.net/wp-content/uploads/2023/06/africa-en-top-mount-freezer-bespoke-design-rt38cb66218cut-537743843.png,https://samsutech.net/product/bespoke-top-mount-freezer-refrigerator-rt-38cb66218c/,"Stylishly Unique: Create a beautifully unique kitchen that matches your personal taste and interior design. Inside and out, this modern fridge is a sophisticated addition to any kitchen.",393 Litres Capacity; Digital Inverter Compressor with a 20 Year Warranty; Wi-Fi Embedded; Multi Flow Cooling; Optimal Fresh Zone; Deodorizer; Twist Ice Maker; Coolpack; Colour: Bespoke Clean White + Clean Pink; Barcode: 8806094921564
SAMSUNG 465LTR BESPOKE TOP MOUNT REFRIGERATOR : RT-47CB663122,"KSh134,990.00",https://samsutech.net/wp-content/uploads/2023/06/africa-en-top-mount-freezer-bespoke-design-rt47cb663122ut-537746587.png,https://samsutech.net/product/bespoke-top-mount-freezer-refrigerator-rt-47cb663122/,SAMSUNG 465LTR BESPOKE TOP MOUNT REFRIGERATOR : RT-47CB663122,465 Litres Capacity; Digital Inverter Compressor with a 20 Year Warranty; Wi-Fi Embedded; Multi Flow Cooling & Optimal Fresh Zone; Deodorizer; SmartThings AI Energy Mode; Vegetable & Fruit Drawer; Twist Ice Maker & Coolpack; Colour: Bespoke Clean Black; Barcode: 8806094921670
SAMSUNG 233LTR DOUBLE DOOR COOLWALL REFRIGERATOR : RT28K3082S8,"KSh69,990.00",https://samsutech.net/wp-content/uploads/2023/06/africa_en-top-mount-freezer-rt28k3082s8-rt22k3082s8-ut-001-front-silver.webp,https://samsutech.net/product/top-mount-freezer-refrigerator-rt-28k3082s8/,Works longer more quietly using less energy: minimizes noise and reduces wear and tear for longer-lasting performance.,233 Litres Capacity; Digital Inverter Compressor with a 20 Year Warranty; Coolwallon Bottom Refrigerator Section; Multi flow Air System; In-built Power Stabilizer; No Frost Technology; Cool Pack – upto 8 hours; Silver Technology Deodorizer; 3 Star Energy Rating; Colour: Silver; Barcode: 8806088443492
SAMSUNG 253LTR DOUBLE DOOR COOLWALL REFRIGERATOR : RT31K3082S8,"KSh75,990.00",https://samsutech.net/wp-content/uploads/2023/06/africa_en-top-mount-freezer-rt31k3082s8-rt25k3082s8-ut-001-front-silver.png,https://samsutech.net/product/top-mount-freezer-refrigerator-rt-31k3082s8/,Ultimate in Flexible Storage: Easily convert your freezer into a fridge to create space for all of the fresh food you like or need to store in different seasons or for special occasions.,253 Litres Capacity; Digital Inverter Compressor with a 10 Year Warranty; Coolwallon Bottom Refrigerator Section; Multi-flow Air System & No Frost Technology; In-built Power Stabilizer with Smart Connect Inverter; Deodorizing Filter; Freezer Cool Pack (12 hours); 1 Star Energy Rating; Colour: Silver; Barcode: 8806088443621
SAMSUNG 305LTR DOUBLE DOOR REFRIGERATOR : RT31CG5421S9,"KSh86,990.00",https://samsutech.net/wp-content/uploads/2023/06/africa-en-top-mount-freezer-spacemax-rt35cg5421s9ut-537754363-1.png,https://samsutech.net/product/top-mount-freezer-refrigerator-rt-31cg5421s9/,Moisture-Full Freshness all over the fridge: Preserves freshness…keeps ingredients fresh for longer without drying out.,305 Litres Capacity; Digital Inverter Compressor with a 10 Year Warranty; Multi Flow Cooling; Deodorizer; Vegetable & Fruit Drawer; Door Pockets x 4 with Egg Container; Twist Ice Maker; Colour: Refined Inox; Barcode: 8806094921526
SAMSUNG 348LTR DOUBLE DOOR REFRIGERATOR : RT35CG5421S9,"KSh97,990.00",https://samsutech.net/wp-content/uploads/2023/06/africa-en-top-mount-freezer-spacemax-rt35cg5421s9ut-537754363.png,https://samsutech.net/product/top-mount-freezer-refrigerator-rt-35cg5421s9/,"Moisture maintained, freshness guaranteed: Creates a favourable environment for preserving food and keeping ingredients fresh for longer without drying out.",348 Litres Capacity; Digital Inverter Compressor with a 10 Year Warranty; Multi Flow Cooling with Optimal Fresh Zone; Deodorizer; No Frost; Vegetable & Fruit Drawer; Door Pockets x 4 with Egg Container; Twist Ice Maker; Colour: Refined Inox; Barcode: 8806094921557
SAMSUNG 393LTR DOUBLE DOOR REFRIGERATOR : RT38CG6421S9,"KSh104,990.00",https://samsutech.net/wp-content/uploads/2023/06/africa-en-top-mount-freezer-optimal-fresh-and-space-max-473999-rt47cg6631s9ut-537753465.avif,https://samsutech.net/product/top-mount-freezer-refrigerator-rt-38cg6421s9/,Enjoy long-lasting freshness: Durable and energy efficient with innovative features that preserve food longer.,393 Litres Capacity; Digital Inverter Compressor with a 10 Year Warranty; Wifi Embedded (Bespoke Model Only); Multi Flow Cooling with Optimal Fresh Zone; Deodorizer; Vegetable & Fruit Drawer; Door Pockets x 4 with Egg Container; Twist Ice Maker; Colour: Refined Inox; Barcode: 8806094921595
SAMSUNG 393LTR DOUBLE DOOR REFRIGERATOR : RT38CG6421B1,"KSh107,990.00",https://samsutech.net/wp-content/uploads/2023/06/africa-en-top-mount-freezer-optimal-fresh-and-space-max-rt47cg6631b1ut-537747848.avif,https://samsutech.net/product/top-mount-freezer-refrigerator-rt-38cg6421b1/,Enjoy long-lasting freshness: Durable and energy efficient with innovative features that preserve food longer.,393 Litres Capacity; Digital Inverter Compressor with a 10 Year Warranty; Wifi Embedded (Bespoke Model Only); Multi Flow Cooling with Optimal Fresh Zone; Deodorizer; Vegetable & Fruit Drawer; Door Pockets x 4 with Egg Container; Twist Ice Maker; Colour: Refined Black; Barcode: 8806094921571
SAMSUNG 415LTR DOUBLE DOOR REFRIGERATOR : RT42CG6621S9,"KSh109,990.00",https://samsutech.net/wp-content/uploads/2023/06/Untitled-design-3.png,https://samsutech.net/product/top-mount-freezer-refrigerator-rt-42cg6621s9/,Ultimate Efficiency and Reliability: Maximise the freshness of your food and enjoy significant power savings.,415 Litres Capacity; Digital Inverter Compressor with a 10 Year Warranty; WiFi Embedded; Multi Flow Cooling with Optimal Fresh Zone; Deodorizer; Tempered Glass Shelves x 3; Vegetable & Fruit Drawer; Door Pockets x 4 with Egg Container; Twist Ice Maker; Colour: Refined Inox; Barcode: 8806094921663
SAMSUNG 415LTR DOUBLE DOOR REFRIGERATOR : RT42CG6621B1,"KSh109,990.00",https://samsutech.net/wp-content/uploads/2023/06/Untitled-design-4.png,https://samsutech.net/product/top-mount-freezer-refrigerator-rt-42cg6621b1/,Ultimate Efficiency and Reliability: Maximise the freshness of your food and enjoy significant power savings.,415 Litres Capacity; Digital Inverter Compressor with a 10 Year Warranty; WiFi Embedded; Multi Flow Cooling with Optimal Fresh Zone; Deodorizer; Vegetable & Fruit Drawer; Door Pockets x 4 with Egg Container; Twist Ice Maker; Colour: Refined Black; Barcode: 8806094921649
SAMSUNG 465LTR DOUBLE DOOR REFRIGERATOR : RT47CG6631S9,"KSh119,990.00",https://samsutech.net/wp-content/uploads/2023/06/Untitled-design-2-1.png,https://samsutech.net/product/top-mount-freezer-refrigerator-rt-47cg6631s9/,Rapidly delivers intensely cold air to fast freeze or cool: All round cooling that maintains constant temperatures from top to bottom hence food stays longer.,465 Litres Capacity; Digital Inverter Compressor with a 10 Year Warranty; WiFi Embedded; Multi Flow Cooling with Optimal Fresh Zone; Deodorizer; Tempered Glass Shelves x 3 & Multi Tray; Vegetable & Fruit Drawer; Twist Ice Maker; Colour: Refined Inox; Barcode: 8806094921717
SAMSUNG 465LTR DOUBLE DOOR REFRIGERATOR : RT47CG6631B1,"KSh119,990.00",https://samsutech.net/wp-content/uploads/2023/06/Untitled-design-1-1.png,https://samsutech.net/product/top-mount-freezer-refrigerator-rt-47cg6631b1/,Rapidly delivers intensely cold air to fast freeze or cool: All round cooling that maintains constant temperatures from top to bottom hence food stays longer.,465 Litres Capacity; Digital Inverter Compressor with a 10 Year Warranty; WiFi Embedded; Multi Flow Cooling with Optimal Fresh Zone; Deodorizer; Vegetable & Fruit Drawer; Door Pockets x 4 & Egg Container; Twist Ice Maker & Coolpack; Colour: Refined Black; Barcode: 8806094921700
SAMSUNG 618LTR DOUBLE DOOR REFRIGERATOR WITH DISPENSER : RT85K7111BS,"KSh209,990.00",https://samsutech.net/wp-content/uploads/2023/06/africa-en-rt7000k-top-freezer-with-twin-cooling-plus™-618l-rt62k7111bs-ut-463415942.png,https://samsutech.net/product/top-mount-freezer-refrigerator-rt-85k7111bs/,"Cool, slim energy saver: Treat yourself to utmost freshness and convenience.",618 Litres Capacity; Digital Inverter Compressor with a 20 Year Warranty; Twin Cooling Plus™; Separate Cooling in both Freezer and Refrigerator Compartments; Power Chill and Power Freeze Functions; 5 Modes Smart Conversion (5 Modes); Multi Flow Cooling & No Frost Technology; A+ Energy Class; Colour: Black Inox; Barcode: 8806088893488
SAMSUNG 635LTR SIDE BY SIDE REFRIGERATOR WITH DISPENSER : RS64R5311B4,"KSh289,990.00",https://samsutech.net/wp-content/uploads/2023/06/africa-en-ref-sbs-rs5000-rs64r5311b4-ut-399732297.avif,https://samsutech.net/product/side-by-side-refrigerator-rs64r5311b4/,SAMSUNG 635LTR SIDE BY SIDE REFRIGERATOR WITH DISPENSER : RS64R5311B4,635 Litres Capacity; Digital Inverter Compressor with a 20 Year Warranty; Water & Ice Dispenser (Non Plumbing Model) with large 4.5 Litre Water Tank; Twin Cooling Plus; All-round Cooling System with No Frost Technology; Power Cool / Power Freeze Functions; SpaceMax™ Technology; Deodorizing Filter & Auto Indoor Icemaker; Colour: Gentle Black; Barcode: 8806092053274
SAMSUNG 635LTR SIDE BY SIDE REFRIGERATOR WITH DISPENSER : RS64R53112A,"KSh329,990.00",https://samsutech.net/wp-content/uploads/2023/06/africa-en-side-by-side-rs64r53112a-rs64r53112a-ut-Mirror-Black-188348985.avif,https://samsutech.net/product/side-by-side-refrigerator-rs64r53112a-2/,SAMSUNG 635LTR SIDE BY SIDE REFRIGERATOR WITH DISPENSER : RS64R53112A,635 Litres Capacity; Digital Inverter Compressor with a 20 Year Warranty; Water & Ice Dispenser (Non Plumbing Model) with large 4.5 Litre Water Tank; Twin Cooling Plus & All-round Cooling System; Power Cool / Power Freeze Functions; Tempered Glass Shelves; Deodorizing Filter; Auto Indoor Icemaker; Colour: Mirror Black; Barcode: 8806090150852
SAMSUNG 55″ 4K UHD LED TV SERIES 8  : UA55U8000FU,"KSh63,990.00",https://samsutech.net/wp-content/uploads/2023/06/Untitled-design-46.png,https://samsutech.net/product/samsung-55%e2%80%b3-4k-uhd-led-tv-series-8-ua55u8000fu/,SAMSUNG 55″ 4K UHD LED TV SERIES 8 : UA55U8000FU,55″ Crystal UHD 4K Smart LED TV; DVB-T2 Digital Tuner Ready; 3840 x 2160 Resolution; One Billion Colours; Crystal UHD Display; Crystal Processor 4K; Dynamic Crystal Colour; Stylish Airslim Design; HDR 10+; 3 Bezel Less Design; Flat Lift Stand; Micro UHD Dimming; 50Hz Refresh Rate; Motion Xcelerator; Object Tracking Sound (OTS Lite); Contrast Enhancer; Auto Motion Plus; Mega Contrast Ratio; Brightness Detection; Picture Clarity; Triple Protection; Web Browser; WiFi Direct; Wireless LAN Built-in; Anynet+ (HDMI-CEC); ConnectShare™ (USB 2.0) / Connect Share™ (HDD); 3 x HDMI; 2 x USB; 1 x Component / AV Shared Input; Barcode: 8806097192022
SAMSUNG BUILT IN HOOD: NK24N7060VB,"KSh64,990.00",https://samsutech.net/wp-content/uploads/2024/06/S300871445_1.jpg,https://samsutech.net/product/samsung-built-in-hood-nk24n7060vb/,SAMSUNG BUILT IN HOOD: NK24N7060VB,SAMSUNG BUILT IN HOOD; • WALL MOUNT INSTALLATION; • TOUCH CONTROL; • 60CM SIZE; • 1 MOTOR & 1 FAN; • 3 EXTRACTION SPEEDS; • 70 Dba SOUND POWER; • 575 CMH MAX EXTRACTION; • 2 X 1.9W LED HOOD LIGHTING; • ALUMINIUM & CHARCOAL FILTER; • DUCTING OR RECIRCULATING EXTRACTION; • BLACK GLASS; • NET DIMENSION – (WXHXD); 596MM X 667 ~ 947MM X 412MM; BARCODE: 8806095035147
SAMSUNG BUILT IN HOOD: NK24M7060VW,"KSh69,990.00",https://samsutech.net/wp-content/uploads/2024/06/S300871442_1.jpg,https://samsutech.net/product/samsung-built-in-hood-nk24m7060vw/,SAMSUNG BUILT IN HOOD: NK24M7060VW,SAMSUNG BUILT IN HOOD; • WALL MOUNT INSTALLATION; • TOUCH CONTROL; • 60CM SIZE; • 1 MOTOR & 1 FAN; • 3 EXTRACTION SPEEDS; • 70 Dba SOUND POWER; • 575 CMH MAX EXTRACTION; • 2 X 1.9W LED HOOD LIGHTING; • ALUMINIUM & CHARCOAL FILTER; • DUCTING OR RECIRCULATING EXTRACTION; • WHITE GLASS; • NET DIMENSION – (WXHXD); 596MM X 667 ~ 947MM X 412MM; BARCODE: 8806095030746
SAMSUNG BUILT IN HOB: NA64N7100AB,"KSh39,990.00",https://samsutech.net/wp-content/uploads/2024/06/S300871444_3.jpg,https://samsutech.net/product/samsung-built-in-hob-na64n7100ab/,SAMSUNG BUILT IN HOB: NA64N7100AB,SAMSUNG BUILT IN HOB; • 4 GAS BURNERS; • KNOB DIAL CONTROL METHOD; • 7.25 Kw TOTAL GAS POWER; • CAST IRON GRIDS; • FLAME FAILURE SAFETY SHUTOFF; • BLACK GLASS; • NET DIMENSION – (WXHXD); 590MM X 57MM X 520MM; BARCODE: 8806095035130
SAMSUNG BUILT IN HOB: NA64B3100AS,"KSh26,990.00",https://samsutech.net/wp-content/uploads/2024/06/Samsung-NA64H3110AS-TR-4-Burner-Gas-Built-in-Cooker-NA64B3100AS.jpg,https://samsutech.net/product/samsung-built-in-hob-na64b3100as/,SAMSUNG BUILT IN HOB: NA64B3100AS,SAMSUNG BUILT IN HOB; • 4 GAS BURNERS; • KNOB DIAL CONTROL METHOD; • 7.25 Kw TOTAL GAS POWER; • ENAMEL GRIDS; • FLAME FAILURE SAFETY SHUTOFF; • STAINLESS STEEL; • NET DIMENSION – (WXHXD); 580MM X 90MM X 510MM; BARCODE: 8806095035123
SAMSUNG BUILT IN OVEN: NV60K5140BB,"KSh54,990.00",https://samsutech.net/wp-content/uploads/2023/06/Samsung-Oven-NV60K5140BB.png,https://samsutech.net/product/samsung-built-in-oven-nv60k5140bb/,SAMSUNG BUILT IN OVEN: NV60K5140BB,"SAMSUNG BUILT IN OVEN; • 60 LITRES CAPACITY; • 2300W OUTPUT; • 1800W CONVECTION; • SINGLE FAN OVEN; • CERAMIC ENAMEL CAVITY; • INTERIOR LAMP; • DROP DOWN DOOR; • POP-UP DIAL & TOUCH CONTROL METHOD; • CLOCK, COOK & END TIMER; • CATALYTIC CLEANING METHOD; • BLACK GLASS; • ACCESSORIES – 2 SQUARE BAKING TRAY & 1; SQUARE WIRE RACK; • NET DIMENSION – (WXHXD) 595MM X; 595MM X 565MM; BARCODE: 8806095035161"
SAMSUNG BUILT IN OVEN: NV60K3110BS,"KSh44,990.00",https://samsutech.net/wp-content/uploads/2023/06/Samsung-Oven-NV60K3110BS-T.png,https://samsutech.net/product/samsung-built-in-oven-nv60k3110bs/,SAMSUNG BUILT IN OVEN: NV60K3110BS,SAMSUNG BUILT IN OVEN; • 60 LITRES CAPACITY; • 2300W OUTPUT; • 1800W CONVECTION; • SINGLE FAN OVEN; • CERAMIC ENAMEL CAVITY; • INTERIOR LAMP; • DROP DOWN DOOR; • POP-UP DIAL CONTROL METHOD; • STAINLESS STEEL; • ACCESSORIES – 2 SQUARE BAKING TRAY & 1; SQUARE WIRE RACK; • NET DIMENSION – (WXHXD) 595MM X; 595MM X 565MM; BARCODE: 8806095035154
SAMSUNG 32LTR SOLO MICROWAVE OVEN: MS32DG4504AT,"KSh24,990.00",https://samsutech.net/wp-content/uploads/2023/06/Untitled-design-3-2.png,https://samsutech.net/product/samsung-solo-microwave-oven-ms32dg4504at/,SAMSUNG SOLO MICROWAVE OVEN: MS32DG4504AT,SAMSUNG SOLO MICROWAVE OVEN; • 32 LITRES CAPACITY; • 7 POWEL LEVELS; • 1000 WATTS OUTPUT; • CERAMIC ENAMEL CAVITY; • RECESSED HANDLE; • TACT & DIAL CONTROL METHOD; • LED DISPLAY; • ECO MODE; • AUTO COOK; • HOME DESSERT; • DEODORIZATION; • POWER DEFROST; • CHILD LOCK; • STAINLESS STEEL; • NETT DIMENSIONS (WXHXD); 517 X 297 X 424 MM; BARCODE: 8806095507095
SAMSUNG 11KG FRONT LOAD WASHING MACHINE: WW11CGC04DAB,"KSh104,990.00",https://samsutech.net/wp-content/uploads/2023/05/Untitled-design.png,https://samsutech.net/product/samsung-11kg-front-load-washing-machine-ww11cgc04dab/,SAMSUNG 11KG FRONT LOAD WASHING MACHINE: WW11CGC04DAB,SAMSUNG FRONT LOAD WASHING MACHINE; • 11KG WASHING CAPACITY; • LED PANEL DISPLAY; • SMART WIFI EMBEDDED; • SMART THINGS APP SUPPORT; • ECO BUBBLE TECHNOLOGY; • CHILD LOCK; • DIT MOTOR; • SWIRL DRUM TYPE; • SPIN SPEED 1400RPM; • 15 MINUTE QUICK WASH; • CARVED BLACK DOOR; • BLACK BODY COLOUR; • NET DIMENSION (W X H X D); 600 X 850 X 600 MM; BARCODE: 8806095976617
SAMSUNG 9KG DRYER : DV90TA040AX,"KSh94,990.00",https://samsutech.net/wp-content/uploads/2022/11/Untitled-design-5.png,https://samsutech.net/product/samsung-9kg-dryer-dv90ta040ax/,"Feel free to put your Samsung tumble dryer where you want in the home, and adjust the door to work with the space. The reversible door lets you choose if it opens on the left or the right of the tumble dryer. Then it’s easy to load and unload your laundry, and it’s even easier if it’s positioned next to the washing machine. Need your favourite top dry for an impromptu night out? The 35 Minute Quick Dry cycle dries a load of clothes in just over half an hour*. How handy is that? It’s ideal for loads of up to 1kg. Looking after your machine will make it last longer and get your laundry nice and dry every time. Maintain your tumble dryer and optimise the drying performance with our 2-in-1 filter which collects fluff, meaning the heat exchange filter needs cleaning less often. And in case you forget, the handy clean alarm reminds you when it needs to be done.",SAMSUNG DRYER; • 9KG DRYING CAPACITY; • HEAT PUMP DRYER; • 210 MINUTES CYCLE TIME (MIN); • A++ ENERGY EFFICIENCY CLASS; • INTERIOR DRUM LIGHT; • REVERSIBLE DOOR; • CHILD LOCK; • 3 DRYING LEVELS; • CARVED BLACK DOOR; • INOX BODY COLOUR; Barcode: 8806090666087
